Transaction_ID,Date,Product_Category,Quantity,Unit_Price,Total_Sales,Customer_Age,Customer_Gender,Store_Location
TXN_0481,2023-06-06,Electronics,6.0,207.25,1243.5,41.7048890313421,Male,Los Angeles
TXN_0450,2023-04-18,Home & Garden,4.0,52.59,210.36,33.19589692902916,Male,New York
TXN_0476,2023-08-29,Clothing,3.0,99.23,297.69,48.11925086551916,Male,New York
TXN_0435,2023-12-20,Clothing,4.0,301.57,1206.28,41.26902335939078,Male,Miami
TXN_0369,2023-11-15,Home & Garden,3.0,307.87,923.61,33.76587004236716,Male,Miami
TXN_0056,2023-05-31,Home & Garden,6.0,305.36,1832.16,23.434309878833385,Male,Chicago
TXN_0323,2023-01-26,Toys,6.0,195.62,1173.72,35.20262070103875,Female,New York
TXN_0077,2023-07-09,Sports,8.0,41.12,328.96,47.12164399070533,Male,Miami
TXN_0105,2023-07-25,Clothing,5.0,484.31,2421.55,33.209730082895376,Other,Houston
TXN_0348,2023-12-03,Electronics,8.0,300.55,2404.4,35.53092625068528,Male,Houston
TXN_0416,2023-02-17,Electronics,2.0,245.73,491.46,20.823272200414383,Male,New York
TXN_0221,2023-05-07,Home & Garden,4.0,,,18.0,Female,Miami
TXN_0118,2023-05-16,Clothing,7.0,321.96,2253.72,37.12850470207455,Male,Chicago
TXN_0250,2023-10-23,Home & Garden,8.0,257.99,2063.92,45.33353202750321,Male,New York
TXN_0174,2023-04-12,Electronics,8.0,272.93,2183.44,57.16167248104362,Female,Chicago
TXN_0094,2023-05-19,Sports,8.0,111.54,892.32,29.57206201238599,Female,Miami
TXN_0326,2023-09-15,Home & Garden,6.0,256.12,1536.72,53.552049771201524,Female,Houston
TXN_0276,2023-10-02,Electronics,6.0,363.58,2181.48,34.83740542343048,Male,Los Angeles
TXN_0343,2023-11-01,Home & Garden,8.0,456.81,3654.48,29.38744673430972,Female,Houston
TXN_0071,2023-07-14,Clothing,9.0,492.79,4435.110000000001,51.00631543712858,Female,Los Angeles
TXN_0395,2023-12-06,Electronics,2.0,488.02,976.04,18.0,Female,Miami
TXN_0010,2023-10-07,Toys,4.0,290.02,1160.08,23.12500330910312,Male,New York
TXN_0251,2023-08-31,Electronics,8.0,466.69,3733.52,50.18236701948439,Male,Los Angeles
TXN_0409,2023-12-18,Clothing,2.0,195.09,390.18,40.41314355899574,Male,New York
TXN_0424,2023-11-23,Sports,4.0,449.74,1798.96,36.04230995794163,Male,Houston
TXN_0452,2023-05-08,Sports,6.0,370.59,2223.54,48.82799130489805,Male,Chicago
TXN_0173,2023-11-08,Electronics,7.0,493.27,3452.89,32.192111997174024,Male,Houston
TXN_0031,2023-05-23,Clothing,3.0,46.96,140.88,23.663711749562836,Male,New York
TXN_0449,2023-07-03,Sports,1.0,168.76,168.76,25.128543014130788,Other,New York
TXN_0091,2023-03-25,Sports,1.0,110.47,110.47,34.89363172812347,Male,New York
TXN_0382,2023-05-26,Clothing,7.0,297.66,2083.6200000000003,29.71991130805517,Male,Miami
TXN_0132,2023-09-10,Sports,9.0,42.46,382.14,24.759031523004147,Male,Los Angeles
TXN_0365,2023-06-11,Home & Garden,5.0,420.37,2101.85,42.199930495098045,Female,New York
TXN_0074,2023-11-22,Home & Garden,8.0,202.56,1620.48,118.0,Female,Chicago
TXN_0211,2024-01-01,Electronics,2.0,,,41.16602231678655,Male,New York
TXN_0330,2023-09-18,Home & Garden,6.0,388.22,2329.32,46.94658302434735,Male,Chicago
TXN_0370,2023-10-16,Sports,5.0,195.86,979.3000000000001,34.678467840372036,Male,Los Angeles
TXN_0102,2023-04-28,Sports,5.0,417.37,2086.85,,Male,Houston
TXN_0219,2023-08-20,Electronics,3.0,249.03,747.09,19.082542466558422,Female,Houston
TXN_0155,2023-05-17,Electronics,5.0,25.58,127.89999999999999,,Male,Los Angeles
TXN_0226,2023-10-29,Sports,8.0,18.94,151.52,34.13259826315491,Female,New York
TXN_0400,2023-02-24,Sports,3.0,100.39,301.17,54.0364865619082,Male,Los Angeles
TXN_0064,2023-01-24,Toys,5.0,50.55,252.75,51.96848553203321,Female,Miami
TXN_0003,2023-01-13,Home & Garden,8.0,195.21,1561.68,33.81364547545741,Male,New York
TXN_0442,2023-03-17,Sports,1.0,494.48,494.48,34.20331515088236,Female,Los Angeles
TXN_0341,2023-05-07,Electronics,3.0,151.09,453.27,52.936262904372555,Male,Los Angeles
TXN_0083,2023-12-16,Home & Garden,1.0,271.83,271.83,66.17245571881261,Female,Los Angeles
TXN_0285,2023-08-15,Home & Garden,4.0,320.54,1282.16,39.602528089687056,Female,Miami
TXN_0210,2023-04-13,Home & Garden,1.0,450.83,450.83,18.0,Female,New York
TXN_0472,2023-12-26,Electronics,,65.98,,21.46994794711285,Male,Houston
TXN_0182,2023-06-15,Electronics,6.0,75.23,451.38,48.52103830311444,Male,Chicago
TXN_0078,2023-07-01,Sports,3.0,28.04,84.12,32.644865608684526,Male,Houston
TXN_0297,2023-09-04,Clothing,6.0,184.13,1104.78,42.197406271576746,Female,New York
TXN_0453,2023-12-08,Clothing,3.0,425.58,1276.74,22.978780657224142,Female,Los Angeles
TXN_0496,2023-12-14,Sports,7.0,362.9,2540.2999999999997,45.417237715495155,Female,Chicago
TXN_0426,2023-03-24,Toys,5.0,402.37,2011.85,33.0830403156174,Female,Miami
TXN_0034,2023-12-24,Electronics,9.0,154.3,1388.7,27.866425422341337,Male,Houston
TXN_0080,2023-12-10,Sports,8.0,16.7,133.6,18.0,Male,Houston
TXN_0418,2023-08-05,Sports,9.0,385.02,3465.18,18.0,Male,Los Angeles
TXN_0168,2023-02-24,Toys,2.0,194.87,389.74,26.553264196394796,Female,Chicago
TXN_0069,2023-04-30,Home & Garden,9.0,391.03,3519.2699999999995,18.0,Female,Houston
TXN_0001,2023-11-24,Sports,7.0,357.01,2499.0699999999997,24.12105592377151,Female,Los Angeles
TXN_0085,2023-02-06,Electronics,7.0,457.45,3202.15,26.867491932499462,Male,Houston
TXN_0012,2023-10-30,Sports,8.0,385.93,3087.44,32.32950233394632,Female,Los Angeles
TXN_0230,2023-04-23,Toys,4.0,292.24,1168.96,40.62940051737275,Male,Los Angeles
TXN_0023,2023-04-12,Toys,9.0,489.17,4402.53,37.83199708012797,Female,Chicago
TXN_0324,2023-10-27,Electronics,3.0,233.93,701.79,33.87481460572795,Female,Chicago
TXN_0079,2023-04-18,Electronics,1.0,75.59,75.59,21.870750794018633,Female,New York
TXN_0248,2023-03-09,Electronics,5.0,386.21,1931.05,,Female,Los Angeles
TXN_0073,2023-08-21,Electronics,9.0,377.29,3395.61,59.50875707256887,Male,Chicago
TXN_0475,2023-01-20,Toys,5.0,240.82,1204.1,34.03689144550945,Male,Houston
TXN_0336,2023-12-12,Electronics,5.0,415.13,2075.65,19.88096040352213,Female,Houston
TXN_0019,2023-09-16,Toys,2.0,50.62,101.24,18.0,Female,New York
TXN_0281,2023-05-23,Sports,1.0,401.77,401.77,30.96052727214607,Female,New York
TXN_0125,2023-08-08,Electronics,4.0,156.0,624.0,32.828111132723315,Male,Chicago
TXN_0443,2023-08-09,Sports,7.0,305.57,2138.99,36.09720953070796,Male,Miami
TXN_0249,2023-10-20,Clothing,4.0,52.77,211.08,18.0,Female,Miami
TXN_0040,2023-06-22,Clothing,9.0,479.76,4317.84,46.163040151442495,Female,Chicago
TXN_0461,2023-03-25,Electronics,3.0,414.3,1242.9,100.0,Female,Miami
TXN_0047,2023-11-06,Clothing,,200.25,,31.275852608528176,Male,Miami
TXN_0302,2023-07-14,Electronics,8.0,276.0,2208.0,33.47826202516374,Female,Houston
TXN_0196,2023-09-30,Electronics,1.0,,,,Male,Chicago
TXN_0359,2023-07-22,Clothing,6.0,421.82,2530.92,36.77638109791624,Female,Los Angeles
TXN_0105,2023-07-25,Clothing,5.0,484.31,2421.55,33.209730082895376,Other,Houston
TXN_0282,2023-08-25,Electronics,5.0,414.32,2071.6,39.22105611912456,Female,Chicago
TXN_0149,2023-10-11,Toys,1.0,486.82,486.82,23.860766583002594,Female,Houston
TXN_0156,2023-11-25,Electronics,1.0,278.87,278.87,45.34715629756255,Other,New York
TXN_0447,2023-07-06,Electronics,,79.13,,46.38727987805113,Male,Miami
TXN_0183,2023-09-08,Clothing,1.0,346.71,346.71,28.187794727934925,Male,Miami
TXN_0070,2023-02-21,Home & Garden,1.0,245.38,245.38,19.590309390920442,Female,Miami
TXN_0245,2023-09-06,Home & Garden,1.0,370.76,370.76,39.222692814877234,Male,Los Angeles
TXN_0299,2023-07-25,Electronics,2.0,270.61,541.22,19.673354408923,Female,Los Angeles
TXN_0413,2023-09-08,Electronics,7.0,359.89,2519.23,42.468762446279456,Male,Miami
TXN_0074,2023-11-22,Home & Garden,8.0,202.56,1620.48,118.0,Female,Chicago
TXN_0303,2023-01-02,Clothing,1.0,221.45,221.45,43.99162900877003,Male,Chicago
TXN_0494,2023-09-18,Toys,4.0,208.57,834.28,31.718429042542112,Male,Houston
TXN_0181,2023-11-03,Clothing,6.0,82.39,494.34000000000003,29.610034294693246,Male,Miami
TXN_0375,2023-09-17,Home & Garden,4.0,65.99,263.96,37.37947252846239,Male,Los Angeles
TXN_0133,2023-02-16,Sports,4.0,32.47,129.88,35.5471059736406,Male,Miami
TXN_0342,2023-10-24,Sports,7.0,311.33,2179.31,37.13307072296483,Male,New York
TXN_0438,2023-01-19,Home & Garden,7.0,444.86,3114.02,46.746722478952705,Male,New York
TXN_0177,2023-03-24,Electronics,8.0,382.38,3059.04,,Female,Miami
TXN_0311,2023-12-05,Home & Garden,8.0,290.84,2326.72,33.71208805284108,Female,Miami
TXN_0350,2023-10-17,Electronics,7.0,,,42.55098766272302,Female,New York
TXN_0486,2023-04-09,Sports,2.0,451.28,902.56,18.0,Male,Los Angeles
TXN_0138,2023-03-23,Clothing,8.0,177.37,1418.96,44.84578925925471,Male,Miami
TXN_0498,2023-06-19,Clothing,4.0,78.61,314.44,55.58842201273266,Female,Chicago
TXN_0272,2023-02-25,Toys,3.0,,,47.51318211013282,Male,Chicago
TXN_0441,2023-10-10,Electronics,5.0,404.6,2023.0,38.79440091445473,Male,Miami
TXN_0354,2023-04-15,Sports,9.0,387.91,3491.19,,Female,Chicago
TXN_0087,2023-11-22,Clothing,7.0,365.8,2560.6,31.804192057727562,Female,Houston
TXN_0076,2023-03-25,Sports,8.0,288.85,2310.8,55.56288788986647,Male,Chicago
TXN_0448,2023-01-21,Home & Garden,1.0,209.13,209.13,27.054649798107086,Female,Chicago
TXN_0016,2023-02-17,Clothing,2.0,126.38,252.76,53.01165956677148,Female,Los Angeles
TXN_0204,2023-09-28,Sports,2.0,371.04,742.08,55.649963565434405,Male,Houston
TXN_0275,2023-04-08,Home & Garden,5.0,463.96,2319.7999999999997,24.87952214552743,Male,Houston
TXN_0394,2023-06-03,Sports,7.0,262.44,1837.08,30.302893799759175,Other,Chicago
TXN_0020,2023-11-05,Home & Garden,5.0,268.9,1344.5,33.51327225511329,Female,Miami
TXN_0454,2023-02-22,Clothing,1.0,70.16,70.16,35.82165642234404,Other,New York
TXN_0339,2023-03-03,Electronics,6.0,121.4,728.4000000000001,18.0,Male,New York
TXN_0057,2023-11-18,Electronics,2.0,142.77,285.54,42.88260039469211,Female,Miami
TXN_0334,2023-11-01,Clothing,8.0,360.93,2887.44,40.08968502894788,Female,Miami
TXN_0362,2023-11-27,Clothing,5.0,125.59,627.95,18.0,Male,Houston
TXN_0239,2023-06-19,Clothing,2.0,243.54,487.08,,Male,Chicago
TXN_0406,2023-04-18,Clothing,1.0,,,56.21957970076126,Female,Houston
TXN_0308,2023-08-05,Toys,3.0,440.53,1321.59,52.33173900454814,Male,Houston
TXN_0469,2023-05-08,Toys,5.0,117.56,587.8,42.04013850236097,Male,Los Angeles
TXN_0432,2023-01-05,Clothing,3.0,134.41,403.23,29.872103809181944,Female,Los Angeles
TXN_0490,2023-02-05,Electronics,3.0,269.53,808.5899999999999,30.049704169794257,Male,Houston
TXN_0026,2023-10-07,Home & Garden,7.0,31.27,218.89,62.581626340818005,Female,Los Angeles
TXN_0366,2023-02-07,Home & Garden,6.0,172.75,1036.5,25.27912298948612,Male,Los Angeles
TXN_0043,2023-07-14,Electronics,4.0,62.31,249.24,38.20460462418144,Female,Houston
TXN_0141,2023-11-02,Clothing,1.0,296.54,296.54,36.888338015483555,Male,Houston
TXN_0419,2023-05-22,Home & Garden,7.0,60.46,423.22,47.26929142872572,Female,Houston
TXN_0317,2023-01-30,Toys,8.0,110.23,881.84,26.771148958539865,Female,Houston
TXN_0127,2023-07-24,Home & Garden,9.0,351.84,3166.56,34.17172982004527,Female,Chicago
TXN_0333,2023-02-05,Home & Garden,1.0,287.1,287.1,24.35602327124559,Female,Houston
TXN_0032,2023-01-04,Home & Garden,7.0,91.45,640.15,62.63494277267735,Male,Houston
TXN_0114,2023-07-22,Clothing,5.0,452.54,2262.7000000000003,41.85776835892382,Female,Houston
TXN_0154,2023-10-02,Sports,,180.33,,,Female,New York
TXN_0212,2023-06-09,Clothing,1.0,129.73,129.73,31.9182762989716,Female,Houston
TXN_0423,2023-03-08,Electronics,8.0,143.43,1147.44,50.82517538872633,Female,Chicago
TXN_0058,2023-11-13,Toys,2.0,75.26,150.52,44.499789775073495,Male,Chicago
TXN_0267,2023-11-27,Clothing,1.0,62.28,62.28,18.0,Male,Miami
TXN_0025,2023-12-26,Home & Garden,3.0,168.12,504.36,29.23852892244448,Female,Chicago
TXN_0018,2023-04-30,Home & Garden,6.0,244.08,1464.48,41.66174346453346,Female,Houston
TXN_0186,2023-07-05,Home & Garden,3.0,24.93,74.78999999999999,34.42364563142988,Male,New York
TXN_0067,2023-05-29,Clothing,8.0,90.77,726.16,35.95589429033104,Male,Los Angeles
TXN_0403,2023-05-20,Sports,3.0,204.69,614.0699999999999,61.54629571261622,Female,Houston
TXN_0397,2023-03-10,Electronics,4.0,283.08,1132.32,18.913656759409797,Female,New York
TXN_0095,2023-11-24,Clothing,5.0,440.33,2201.65,43.00647312238206,Male,Los Angeles
TXN_0497,2023-10-02,Clothing,9.0,62.22,559.98,48.56843970337401,Female,Chicago
TXN_0355,2023-12-09,Toys,5.0,193.47,967.35,58.6600250055418,Female,Los Angeles
TXN_0024,2023-11-29,Toys,,282.44,,37.79211629496553,Female,Miami
TXN_0232,2023-02-06,Clothing,8.0,12.6,100.8,40.24056760268406,Female,Los Angeles
TXN_0266,2023-12-01,Clothing,5.0,399.2,1996.0,60.963877990696844,Female,Chicago
TXN_0209,2023-12-20,Electronics,4.0,175.35,701.4,54.518233660396184,Other,Miami
TXN_0006,2023-04-25,Home & Garden,3.0,171.82,515.46,38.085657561127654,Male,Chicago
TXN_0117,2023-03-15,Clothing,,307.96,,18.0,Male,Houston
TXN_0046,2023-06-26,Clothing,3.0,326.96,980.8799999999999,36.464647214036056,Male,Houston
TXN_0395,2023-12-06,Electronics,2.0,488.02,976.04,18.0,Female,Miami
TXN_0017,2023-04-22,Sports,8.0,206.11,1648.88,33.46764979267074,Male,Chicago
TXN_0473,2023-02-25,Toys,5.0,287.23,1436.15,29.634242451393042,Male,Miami
TXN_0462,2023-04-01,Clothing,5.0,187.9,939.5,,Male,Miami
TXN_0004,2023-05-21,Toys,5.0,355.49,1777.45,62.57550771196499,Other,Chicago
TXN_0228,2023-04-28,Clothing,,498.66,,50.296128062777115,Female,Chicago
TXN_0483,2023-04-25,Sports,8.0,326.08,2608.64,43.81093147643574,Female,Chicago
TXN_0061,2023-04-09,Sports,7.0,214.15,1499.05,61.29279206671661,Female,New York
TXN_0111,2023-04-19,Sports,1.0,394.49,394.49,40.622761920458274,Male,Los Angeles
TXN_0325,2023-09-02,Sports,,305.94,,18.0,Male,Miami
TXN_0298,2023-04-20,Toys,7.0,201.83,1412.8100000000002,48.60256129403247,Female,New York
TXN_0030,2023-10-29,Home & Garden,5.0,350.75,1753.75,26.54865043292128,Female,Los Angeles
TXN_0193,2023-02-13,Toys,7.0,286.34,2004.3799999999999,40.17008293200498,Male,Miami
TXN_0465,2023-04-02,Clothing,9.0,179.14,1612.2599999999998,47.83820598441247,Male,Houston
TXN_0027,2023-08-03,Electronics,4.0,463.08,1852.32,19.783741860283182,Male,Chicago
TXN_0008,2023-02-22,Sports,8.0,134.3,1074.4,29.053911962366197,Female,Miami
TXN_0463,2023-07-31,Sports,,26.77,,18.0,Female,Chicago
TXN_0109,2023-10-18,Electronics,3.0,245.22,735.66,33.46146168685867,Male,Houston
TXN_0038,2023-03-21,Electronics,9.0,371.18,3340.62,,Female,Los Angeles
TXN_0158,2023-02-27,Clothing,1.0,184.44,184.44,18.0,Male,New York
TXN_0477,2023-04-24,Electronics,7.0,247.54,1732.78,19.257918462029977,Female,Houston
TXN_0119,2023-03-13,Clothing,3.0,281.86,845.58,18.0,Female,Chicago
TXN_0115,2023-11-26,Electronics,7.0,312.46,2187.22,65.0203785543253,Male,Miami
TXN_0176,2023-07-11,Home & Garden,6.0,125.7,754.2,57.92965506150542,Female,Los Angeles
TXN_0195,2023-02-05,Toys,9.0,53.71,483.39,30.875739824746596,Male,Houston
TXN_0319,2023-10-05,Home & Garden,7.0,252.05,1764.3500000000001,19.099082348767432,Male,Chicago
TXN_0145,2023-11-02,Sports,8.0,351.29,2810.32,31.805149614062508,Male,New York
TXN_0377,2023-03-09,Electronics,5.0,433.12,2165.6,37.16774557130528,Male,Houston
TXN_0430,2023-08-07,Electronics,9.0,209.91,1889.19,18.08586419032167,Female,Miami
TXN_0205,2023-11-07,Home & Garden,7.0,283.29,1983.0300000000002,65.18655449449071,Female,Houston
TXN_0322,2023-01-30,Electronics,7.0,272.88,1910.1599999999999,31.456853207507724,Female,Houston
TXN_0363,2023-06-03,Home & Garden,1.0,91.11,91.11,26.20778970490857,Male,Houston
TXN_0455,2023-07-01,Clothing,4.0,439.46,1757.84,65.55258000085371,Female,Houston
TXN_0142,2023-02-02,Home & Garden,3.0,206.15,618.45,55.77584695891012,Female,Miami
TXN_0495,2023-07-24,Home & Garden,1.0,253.76,253.76,26.016376231564003,Male,Houston
TXN_0068,2023-02-10,Sports,9.0,211.52,1903.68,47.15979243266424,Male,Miami
TXN_0262,2023-07-30,Clothing,3.0,11.33,33.99,20.42577253220876,Male,Miami
TXN_0169,2023-11-17,Electronics,5.0,11.27,56.349999999999994,28.33343920623895,Female,Houston
TXN_0156,2023-11-25,Electronics,1.0,278.87,278.87,45.34715629756255,Other,New York
TXN_0384,2023-08-13,Toys,5.0,457.25,2286.25,46.17211357193426,Female,Miami
TXN_0246,2023-04-20,Clothing,4.0,269.62,1078.48,36.59336837916986,Male,Los Angeles
TXN_0194,2023-09-06,Clothing,4.0,421.95,1687.8,37.91969196954039,Female,Los Angeles
TXN_0256,2023-02-18,Electronics,3.0,278.82,836.46,58.71853128473873,Female,Chicago
TXN_0110,2023-06-11,Clothing,7.0,216.06,1512.42,28.986320392657163,Female,Los Angeles
TXN_0488,2023-06-18,Home & Garden,5.0,344.76,1723.8,57.75793259755474,Female,Miami
TXN_0146,2023-08-28,Toys,9.0,211.71,1905.39,31.776367299352366,Female,Chicago
TXN_0093,2023-07-14,Sports,7.0,,,44.43409904227043,Male,Los Angeles
TXN_0153,2023-12-16,Clothing,3.0,179.09,537.27,37.75553516196384,Female,Chicago
TXN_0229,2023-10-29,Electronics,8.0,449.34,3594.72,38.0959639054408,Female,Chicago
TXN_0417,2023-11-21,Home & Garden,3.0,253.54,760.62,33.20014530320329,Male,Miami
TXN_0084,2023-11-28,Toys,5.0,377.46,1887.3,27.195548671159678,Male,New York
TXN_0273,2023-05-08,Home & Garden,1.0,110.45,110.45,41.071893319514416,Male,Miami
TXN_0166,2023-04-02,Home & Garden,1.0,260.71,260.71,48.28866114006456,Male,Miami
TXN_0164,2023-05-15,Sports,5.0,245.76,1228.8,31.041023178398312,Male,New York
TXN_0200,2023-09-01,Home & Garden,8.0,184.0,1472.0,45.32115660971684,Female,Chicago
TXN_0238,2023-01-17,Clothing,2.0,272.17,544.34,21.242105508805185,Male,Los Angeles
TXN_0075,2023-07-06,Sports,1.0,,,36.743554876892475,Female,Miami
TXN_0315,2023-06-01,Sports,4.0,391.5,1566.0,53.50707135258199,Male,Miami
TXN_0223,2023-02-02,Toys,,37.27,,58.5538716085455,Other,Miami
TXN_0480,2023-06-29,Toys,1.0,352.43,352.43,26.119436986126743,Male,New York
TXN_0120,2023-05-07,Electronics,6.0,54.59,327.54,70.0,Male,Los Angeles
TXN_0287,2023-02-20,Electronics,7.0,164.94,1154.58,45.48539649152139,Male,New York
TXN_0305,2023-05-16,Home & Garden,6.0,367.97,2207.82,54.883861636457304,Female,Houston
TXN_0425,2023-05-15,Electronics,9.0,268.02,2412.18,45.99954159389035,Male,Miami
TXN_0361,2023-12-10,Clothing,,70.18,,40.13444812628463,Male,Houston
TXN_0408,2023-04-15,Clothing,,316.24,,32.21121072199434,Female,Houston
TXN_0235,2023-01-31,Home & Garden,9.0,364.22,3277.9800000000005,34.831554687882665,Male,Miami
TXN_0381,2023-07-09,Toys,5.0,460.04,2300.2000000000003,23.11968516432486,Female,Los Angeles
TXN_0479,2023-08-24,Electronics,9.0,373.43,3360.87,22.23918025378577,Other,New York
TXN_0391,2023-01-05,Clothing,5.0,146.02,730.1,33.66173530809265,Female,Los Angeles
TXN_0279,2023-08-05,Home & Garden,5.0,415.69,2078.45,18.86377489707279,Male,New York
TXN_0037,2023-05-23,Home & Garden,4.0,198.26,793.04,43.29944817141041,Other,Houston
TXN_0197,2023-03-06,Home & Garden,8.0,124.28,994.24,,Female,New York
TXN_0140,2023-08-05,Clothing,5.0,235.46,1177.3,36.59079281557743,Male,New York
TXN_0372,2023-02-07,Electronics,9.0,110.73,996.57,28.797237645322596,Male,Los Angeles
TXN_0254,2023-07-28,Clothing,1.0,190.92,190.92,63.960726981405635,Female,Houston
TXN_0290,2023-10-04,Toys,2.0,,,39.168831639707946,Female,Houston
TXN_0291,2023-01-08,Home & Garden,9.0,359.75,3237.75,66.12285804630633,Female,Los Angeles
TXN_0060,2023-10-23,Clothing,8.0,470.86,3766.88,27.03648858341508,Male,Houston
TXN_0112,2023-12-02,Electronics,4.0,323.29,1293.16,41.098277329905564,Female,Chicago
TXN_0090,2023-05-06,Clothing,2.0,,,37.02171391297981,Female,Los Angeles
TXN_0269,2023-02-01,Home & Garden,5.0,375.53,1877.6499999999999,55.05824282486492,Female,Chicago
TXN_0007,2023-03-13,Clothing,7.0,222.88,1560.1599999999999,51.8467704943794,Female,New York
TXN_0368,2023-08-23,Electronics,3.0,121.42,364.26,27.873961892018556,Female,Los Angeles
TXN_0352,2023-06-11,Sports,5.0,21.28,106.4,24.26524121103459,Female,Los Angeles
TXN_0393,2023-10-11,Clothing,8.0,114.21,913.68,44.47880096045449,Male,Los Angeles
TXN_0159,2023-05-31,Clothing,1.0,448.17,448.17,31.602691985176957,Male,Chicago
TXN_0151,2023-12-15,Home & Garden,,119.69,,47.48247113868395,Male,Houston
TXN_0178,2023-10-04,Clothing,5.0,270.32,1351.6,55.70499530066559,Female,Houston
TXN_0422,2023-06-20,Clothing,2.0,379.09,758.18,46.75293081000874,Female,Chicago
TXN_0185,2023-02-27,Toys,6.0,377.31,2263.86,43.13959293430449,Male,New York
TXN_0288,2023-01-26,Electronics,1.0,298.27,298.27,44.2174860216166,Female,Miami
TXN_0011,2023-02-14,Electronics,8.0,373.08,2984.64,36.76649395243523,Female,Chicago
TXN_0389,2023-12-01,Electronics,1.0,162.62,162.62,49.6782812651199,Female,Los Angeles
TXN_0104,2023-06-11,Sports,1.0,410.03,410.03,37.491352258736775,Female,New York
TXN_0082,2023-12-26,Clothing,3.0,348.94,1046.82,20.763978857343535,Male,Chicago
TXN_0039,2023-04-21,Home & Garden,2.0,458.47,916.94,44.65763814480566,Female,New York
TXN_0321,2023-06-10,Home & Garden,2.0,60.43,120.86,47.56411009571977,Male,Houston
TXN_0199,2023-12-04,Electronics,2.0,242.25,484.5,46.30599806196595,Female,Chicago
TXN_0263,2023-08-28,Toys,6.0,67.18,403.08000000000004,42.80337889951643,Male,Los Angeles
TXN_0147,2023-09-28,Toys,4.0,438.42,1753.68,20.973244811099363,Female,Miami
TXN_0401,2023-10-11,Sports,1.0,156.8,156.8,18.0,Female,Houston
TXN_0148,2023-05-09,Clothing,,262.47,,,Male,Miami
TXN_0313,2023-03-21,Home & Garden,9.0,,,32.60072181691557,Female,Houston
TXN_0292,2023-02-17,Sports,6.0,450.84,2705.04,39.9466208269272,Female,Miami
TXN_0124,2023-10-27,Toys,6.0,,,24.45954575488659,Female,Houston
TXN_0376,2023-05-16,Sports,5.0,213.11,1065.5500000000002,31.884730130606307,Male,Miami
TXN_0097,2023-10-13,Clothing,8.0,32.98,263.84,40.520900123595766,Male,Miami
TXN_0144,2023-07-15,Home & Garden,6.0,98.23,589.38,41.561352249982875,Female,Los Angeles
TXN_0240,2023-02-06,Clothing,2.0,420.91,841.82,25.634311924095876,Female,Los Angeles
TXN_0278,2023-03-13,Sports,9.0,392.94,3536.46,29.309908202841157,Male,Chicago
TXN_0098,2023-04-23,Electronics,6.0,141.65,849.9000000000001,32.00322460609838,Male,New York
TXN_0357,2023-05-03,Clothing,1.0,47.89,47.89,35.81304287314595,Male,Miami
TXN_0123,2023-05-15,Sports,5.0,230.95,1154.75,18.0,Male,New York
TXN_0184,2023-01-10,Home & Garden,,423.78,,,Male,New York
TXN_0203,2023-05-16,Sports,9.0,296.26,2666.34,41.02906555028495,Male,New York
TXN_0247,2023-10-04,Electronics,1.0,356.54,356.54,55.42035450240153,Female,Houston
TXN_0312,2023-09-07,Clothing,7.0,498.87,3492.09,26.16857696959964,Male,Chicago
TXN_0415,2023-01-27,Clothing,8.0,271.88,2175.04,36.0752979191313,Female,Chicago
TXN_0358,2023-05-16,Clothing,2.0,61.08,122.16,39.80137369577861,Female,Los Angeles
TXN_0306,2023-08-21,Electronics,7.0,349.92,2449.44,18.0,Male,New York
TXN_0404,2023-05-25,Clothing,5.0,219.13,1095.65,48.34385256572774,Female,New York
TXN_0383,2023-03-22,Sports,,26.09,,18.0,Male,Miami
TXN_0126,2023-10-26,Sports,7.0,,,18.0,Male,Los Angeles
TXN_0489,2023-05-23,Clothing,6.0,413.07,2478.42,55.502556437202635,Female,Los Angeles
TXN_0224,2023-06-23,Sports,8.0,422.73,3381.84,30.379276857685923,Female,Houston
TXN_0427,2023-08-15,Home & Garden,9.0,489.68,4407.12,20.7596345877448,Male,New York
TXN_0220,2023-03-03,Clothing,3.0,426.9,1280.6999999999998,48.85501138231244,Female,Los Angeles
TXN_0130,2023-03-12,Electronics,1.0,422.62,422.62,37.75574212325576,Male,Chicago
TXN_0429,2023-12-28,Toys,5.0,434.83,2174.15,33.83737004461911,Male,New York
TXN_0485,2023-12-04,Electronics,2.0,74.82,149.64,43.00376484125792,Female,Houston
TXN_0335,2023-02-04,Electronics,5.0,303.52,1517.6,61.27700345371024,Female,New York
TXN_0385,2023-10-06,Clothing,4.0,131.63,526.52,30.98590992371904,Male,Miami
TXN_0410,2023-11-21,Electronics,3.0,419.92,1259.76,22.411916929154163,Male,Chicago
TXN_0362,2023-11-27,Clothing,5.0,125.59,627.95,18.0,Male,Houston
TXN_0300,2023-01-31,Sports,2.0,42.64,85.28,18.0,Female,Chicago
TXN_0295,2023-07-28,Electronics,8.0,224.98,1799.84,53.11670958138115,Male,Chicago
TXN_0374,2023-04-20,Sports,1.0,305.82,305.82,41.0841891738463,Male,Los Angeles
TXN_0347,2023-08-03,Electronics,1.0,365.79,365.79,,Female,Miami
TXN_0113,2023-09-13,Electronics,4.0,404.47,1617.88,20.009899264111425,Female,Houston
TXN_0180,2023-01-01,Toys,2.0,40.55,81.1,32.977329511246865,Female,New York
TXN_0478,2023-04-13,Sports,2.0,261.1,522.2,36.73100027380869,Male,Houston
TXN_0353,2023-05-14,Home & Garden,7.0,329.17,2304.19,24.426714205682465,Male,Houston
TXN_0337,2023-05-01,Electronics,7.0,479.95,3359.65,19.441978790230053,Male,New York
TXN_0492,2023-06-29,Home & Garden,1.0,254.06,254.06,49.448816226618604,Male,New York
TXN_0405,2023-11-06,Electronics,3.0,401.89,1205.67,18.0,Female,Chicago
TXN_0234,2023-11-20,Home & Garden,3.0,250.47,751.41,,Male,Houston
TXN_0457,2023-07-28,Clothing,3.0,354.93,1064.79,41.951481731658625,Male,Chicago
TXN_0318,2023-10-24,Electronics,3.0,,,38.306298529622374,Female,Miami
TXN_0165,2023-09-14,Clothing,1.0,347.01,347.01,30.786311674149932,Female,Los Angeles
TXN_0137,2023-11-18,Sports,6.0,294.03,1764.1799999999998,57.38003880796969,Female,Chicago
TXN_0198,2023-03-07,Sports,7.0,178.03,1246.21,20.943883883228334,Female,Los Angeles
TXN_0259,2023-08-09,Home & Garden,6.0,345.44,2072.64,28.04358906231647,Male,New York
TXN_0233,2023-12-29,Sports,4.0,487.78,1951.12,36.95314494708777,Male,Houston
TXN_0116,2023-08-23,Electronics,7.0,490.43,3433.01,40.63544947250605,Female,Los Angeles
TXN_0121,2023-10-15,Sports,2.0,365.93,731.86,61.82809624381369,Female,Houston
TXN_0356,2023-06-10,Clothing,,43.77,,32.44237595999215,Female,New York
TXN_0225,2023-01-11,Clothing,1.0,35.3,35.3,38.941944441557794,Female,Los Angeles
TXN_0411,2023-05-16,Electronics,2.0,297.85,595.7,35.03338845105895,Male,Miami
TXN_0439,2023-07-09,Home & Garden,8.0,282.79,2262.32,38.05099044961914,Male,Chicago
TXN_0128,2023-07-05,Clothing,7.0,400.27,2801.89,32.74905602875698,Male,Los Angeles
TXN_0286,2023-10-09,Electronics,5.0,454.85,2274.25,47.376079931171724,Male,Houston
TXN_0433,2023-02-27,Clothing,1.0,106.1,106.1,,Male,Chicago
TXN_0108,2023-04-19,Home & Garden,9.0,299.08,2691.72,42.167672497583695,Male,New York
TXN_0378,2023-06-28,Clothing,7.0,462.25,3235.75,44.02088328072291,Male,Los Angeles
TXN_0332,2023-04-06,Clothing,5.0,303.24,1516.2,18.0,Female,Houston
TXN_0134,2023-01-25,Clothing,9.0,314.19,2827.71,27.42809444151263,Female,Chicago
TXN_0371,2023-02-21,Home & Garden,6.0,374.68,2248.08,43.021617554349326,Male,Los Angeles
TXN_0045,2023-07-03,Home & Garden,8.0,93.14,745.12,31.60021621000864,Female,Houston
TXN_0471,2023-03-23,Home & Garden,9.0,392.08,3528.72,32.06239709832438,Female,Los Angeles
TXN_0066,2023-04-27,Sports,5.0,280.28,1401.3999999999999,67.90254008323899,Male,New York
TXN_0284,2023-02-08,Clothing,1.0,125.49,125.49,41.03347665248907,Male,Los Angeles
TXN_0086,2023-11-08,Electronics,,296.72,,18.0,Female,Los Angeles
TXN_0243,2023-05-23,Home & Garden,9.0,358.37,3225.33,42.585393215220535,Male,Los Angeles
TXN_0187,2023-06-07,Sports,4.0,434.94,1739.76,50.583916809972024,Male,New York
TXN_0392,2023-12-08,Home & Garden,4.0,117.85,471.4,44.21376703371676,Male,Chicago
TXN_0160,2023-08-11,Sports,2.0,73.09,146.18,24.415671905510862,Female,Los Angeles
TXN_0013,2023-08-05,Electronics,3.0,413.17,1239.51,44.89298465908953,Female,New York
TXN_0036,2023-06-24,Clothing,2.0,351.49,702.98,58.35045541793221,Female,Houston
TXN_0029,2023-08-18,Clothing,,133.97,,54.859740508839025,Female,Miami
TXN_0171,2023-11-24,Toys,7.0,51.41,359.87,40.885034860433194,Other,New York
TXN_0143,2023-07-17,Sports,8.0,351.86,2814.88,30.460485397555647,Female,Los Angeles
TXN_0407,2023-06-25,Home & Garden,1.0,239.43,239.43,35.500268445583295,Female,New York
TXN_0125,2023-08-08,Electronics,4.0,156.0,624.0,32.828111132723315,Male,Chicago
TXN_0222,2023-04-26,Home & Garden,8.0,404.87,3238.96,58.58393010144455,Female,Chicago
TXN_0096,2023-12-19,Toys,3.0,380.93,1142.79,54.36763784872933,Female,Miami
TXN_0052,2023-03-05,Home & Garden,,232.09,,30.66247130288683,Female,New York
TXN_0241,2023-09-21,Electronics,6.0,110.49,662.9399999999999,29.34670193236761,Male,Chicago
TXN_0399,2023-03-01,Sports,2.0,272.18,544.36,51.05738259737217,Male,Chicago
TXN_0387,2023-06-04,Clothing,4.0,91.1,364.4,27.747937166640323,Female,Los Angeles
TXN_0179,2023-09-29,Electronics,4.0,363.05,1452.2,27.451136335166854,Female,Houston
TXN_0042,2023-02-17,Clothing,2.0,203.32,406.64,35.13618174771463,Female,New York
TXN_0445,2023-01-22,Sports,9.0,481.7,4335.3,28.51613380235014,Male,Chicago
TXN_0396,2023-02-23,Electronics,1.0,234.9,234.9,24.21006047597553,Male,Houston
TXN_0207,2023-04-19,Clothing,7.0,286.58,2006.06,29.972958569017443,Female,Miami
TXN_0283,2023-05-08,Clothing,3.0,101.34,304.02,33.89888811200599,Female,Houston
TXN_0255,2023-04-08,Electronics,1.0,,,42.81691137112427,Male,Chicago
TXN_0421,2023-01-02,Electronics,5.0,47.0,235.0,45.25880455544852,Female,New York
TXN_0005,2023-05-06,Electronics,7.0,131.87,923.09,49.23413818788945,Female,Houston
TXN_0257,2023-02-19,Clothing,6.0,278.97,1673.8200000000002,51.217741153682084,Female,Chicago
TXN_0458,2023-11-14,Toys,9.0,456.21,4105.889999999999,48.9281899483655,Male,Houston
TXN_0101,2023-01-29,Sports,3.0,243.34,730.02,41.75694648767085,Female,Miami
TXN_0227,2023-10-11,Home & Garden,4.0,351.51,1406.04,,Male,New York
TXN_0069,2023-04-30,Home & Garden,9.0,391.03,3519.2699999999995,18.0,Female,Houston
TXN_0214,2023-12-10,Clothing,5.0,171.87,859.35,53.01246608005353,Female,Houston
TXN_0437,2023-10-07,Electronics,1.0,289.03,289.03,,Male,Miami
TXN_0172,2023-09-17,Electronics,4.0,302.67,1210.68,27.754637131255173,Female,Miami
TXN_0099,2023-12-17,Sports,3.0,20.87,62.61,23.558489948337183,Male,Houston
TXN_0293,2023-05-02,Electronics,3.0,315.81,947.4300000000001,,Male,Houston
TXN_0216,2023-07-11,Sports,9.0,13.69,123.21,18.0,Male,Chicago
TXN_0062,2023-12-27,Electronics,9.0,294.77,2652.93,39.08081156630277,Female,Los Angeles
TXN_0048,2023-05-16,Home & Garden,4.0,122.4,489.6,36.38821786393435,Other,New York
TXN_0033,2023-03-23,Home & Garden,5.0,116.24,581.1999999999999,46.828672601882765,Female,Los Angeles
TXN_0268,2023-02-20,Electronics,1.0,426.86,426.86,47.65236258064644,Male,Houston
TXN_0328,2023-03-22,Electronics,1.0,248.32,248.32,,Female,Chicago
TXN_0201,2023-10-09,Clothing,1.0,327.92,327.92,39.245153347902416,Female,New York
TXN_0456,2023-10-14,Sports,9.0,325.03,2925.2699999999995,39.95667840543419,Female,Houston
TXN_0028,2023-04-23,Toys,9.0,460.37,4143.33,19.050250074061807,Male,Houston
TXN_0398,2023-05-16,Electronics,8.0,431.71,3453.68,48.973215751914886,Female,Houston
TXN_0231,2023-01-04,Electronics,6.0,459.52,2757.12,27.552748832725804,Male,Houston
TXN_0261,2023-08-05,Home & Garden,6.0,78.02,468.12,32.33705056647736,Male,Chicago
TXN_0379,2023-02-05,Clothing,4.0,238.19,952.76,45.07021841259575,Female,New York
TXN_0289,2023-11-30,Electronics,3.0,344.66,1033.98,70.0,Female,Los Angeles
TXN_0163,2023-01-02,Clothing,7.0,55.22,386.53999999999996,34.4429555511032,Male,Houston
TXN_0434,2023-02-08,Clothing,3.0,257.7,773.0999999999999,63.164569800472776,Male,Miami
TXN_0139,2023-12-15,Electronics,9.0,273.26,2459.34,48.24456643268718,Male,Chicago
TXN_0063,2023-02-05,Electronics,8.0,460.4,3683.2,19.711172180560116,Female,Houston
TXN_0136,2023-03-20,Sports,7.0,112.47,787.29,35.4307345972124,Male,Miami
TXN_0129,2023-04-23,Toys,1.0,235.08,235.08,,Female,Los Angeles
TXN_0487,2023-07-24,Electronics,5.0,348.7,1743.5,27.586247848920614,Male,New York
TXN_0009,2023-12-13,Clothing,5.0,208.55,1042.75,18.0,Female,Chicago
TXN_0327,2023-09-29,Electronics,6.0,274.53,1647.1799999999998,25.79656113341083,Female,Houston
TXN_0474,2023-07-15,Electronics,7.0,492.83,3449.81,27.967314777552502,Male,Los Angeles
TXN_0065,2023-12-05,Home & Garden,2.0,439.56,879.12,24.730703007049144,Female,Los Angeles
TXN_0301,2023-03-26,Electronics,1.0,122.22,122.22,,Male,Chicago
TXN_0015,2023-01-16,Clothing,,343.71,,43.9764167115407,Female,Houston
TXN_0157,2023-06-24,Clothing,8.0,271.87,2174.96,42.83041632511375,Male,Houston
TXN_0041,2023-02-22,Sports,5.0,,,35.47690035092513,Male,Miami
TXN_0380,2023-05-06,Electronics,1.0,245.61,245.61,56.78447221792287,Female,Houston
TXN_0470,2023-05-17,Sports,7.0,487.53,3412.71,43.17207486489868,Male,Los Angeles
TXN_0412,2023-09-16,Electronics,3.0,154.08,462.24,,Male,Chicago
TXN_0217,2023-08-13,Clothing,9.0,120.41,1083.69,28.113326211978404,Female,Houston
TXN_0280,2023-04-04,Toys,8.0,377.75,3022.0,,Female,Chicago
TXN_0482,2023-04-27,Electronics,7.0,116.83,817.81,20.72065935961161,Female,Chicago
TXN_0440,2023-10-26,Electronics,7.0,363.2,2542.4,29.24705769418286,Female,New York
TXN_0338,2023-07-26,Sports,4.0,177.84,711.36,18.0,Male,Miami
TXN_0237,2023-02-04,Clothing,9.0,362.04,3258.36,107.0,Female,New York
TXN_0208,2023-10-04,Home & Garden,9.0,195.6,1760.3999999999999,29.218720844181924,Female,Chicago
TXN_0213,2023-07-24,Clothing,5.0,254.14,1270.6999999999998,54.65735299457168,Male,Chicago
TXN_0296,2023-09-06,Clothing,2.0,292.97,585.94,54.686040714655256,Male,Chicago
TXN_0500,2023-03-01,Electronics,6.0,140.58,843.48,19.962502541587373,Male,Houston
TXN_0252,2023-05-05,Clothing,7.0,167.11,1169.77,41.712310504739975,Male,Chicago
TXN_0499,2023-01-15,Home & Garden,4.0,139.21,556.84,18.0,Female,Chicago
TXN_0468,2023-12-09,Clothing,4.0,431.92,1727.68,45.70716392444161,Female,Los Angeles
TXN_0304,2023-07-19,Home & Garden,9.0,173.08,1557.72,26.39254460052706,Female,Los Angeles
TXN_0351,2023-09-25,Electronics,,397.14,,37.291253009279785,Female,Los Angeles
TXN_0270,2023-07-26,Clothing,3.0,210.17,630.51,32.55163302822727,Male,Chicago
TXN_0202,2023-03-26,Home & Garden,9.0,245.0,2205.0,31.544573337166323,Male,Miami
TXN_0162,2023-08-21,Toys,6.0,167.58,1005.48,26.954821195444886,Female,Chicago
TXN_0044,2023-02-19,Sports,7.0,174.47,1221.29,43.81343368940361,Female,Chicago
TXN_0218,2023-09-22,Electronics,3.0,189.02,567.0600000000001,,Male,Chicago
TXN_0402,2023-03-21,Electronics,1.0,161.87,161.87,47.856810924484655,Female,Chicago
TXN_0191,2023-10-18,Toys,3.0,371.33,1113.99,26.318758230718096,Male,Miami
TXN_0310,2023-10-12,Electronics,9.0,373.32,3359.88,39.542826417139,Male,Los Angeles
TXN_0260,2023-07-01,Clothing,6.0,53.06,318.36,34.710741462169985,Female,Miami
TXN_0106,2023-05-18,Electronics,7.0,53.32,373.24,27.087039062587973,Male,Houston
TXN_0054,2023-02-10,Electronics,6.0,147.08,882.48,42.38850498997448,Other,New York
TXN_0390,2023-09-28,Clothing,,392.44,,43.3308009258318,Male,Chicago
TXN_0002,2023-02-27,Electronics,4.0,246.02,984.08,45.133308212352425,Other,Los Angeles
TXN_0451,2023-12-16,Home & Garden,9.0,320.29,2882.61,29.46044491692247,Male,New York
TXN_0493,2023-11-25,Clothing,6.0,42.92,257.52,,Male,New York
TXN_0050,2023-08-24,Sports,8.0,186.57,1492.56,66.27172960351422,Other,Chicago
TXN_0420,2023-01-23,Clothing,4.0,173.84,695.36,18.0,Male,Miami
TXN_0081,2023-05-17,Home & Garden,3.0,46.93,140.79,,Female,Miami
TXN_0206,2023-08-05,Electronics,3.0,297.4,892.1999999999999,18.0,Female,Houston
TXN_0035,2023-08-05,Home & Garden,7.0,497.96,3485.72,37.61009486832273,Male,Houston
TXN_0431,2023-10-15,Home & Garden,8.0,280.34,2242.72,29.398220650522617,Female,Miami
TXN_0264,2023-01-28,Home & Garden,8.0,241.85,1934.8,53.808236023512904,Female,Los Angeles
TXN_0428,2023-10-10,Electronics,4.0,421.5,1686.0,53.36878871045594,Male,Miami
TXN_0367,2023-01-05,Electronics,7.0,162.61,1138.27,29.49875671775699,Female,Chicago
TXN_0092,2023-08-25,Clothing,7.0,133.21,932.47,33.383926951008824,Male,Miami
TXN_0340,2023-10-19,Electronics,4.0,217.56,870.24,49.46829752097716,Male,New York
TXN_0484,2023-01-13,Toys,9.0,216.63,1949.67,,Female,Miami
TXN_0053,2023-07-13,Home & Garden,6.0,25.83,154.98,25.16882727734237,Other,New York
TXN_0346,2023-02-11,Electronics,3.0,135.45,406.34999999999997,48.073240512325214,Male,Miami
TXN_0265,2023-12-11,Clothing,2.0,306.99,613.98,31.42035806538264,Female,New York
TXN_0242,2023-05-02,Electronics,3.0,484.32,1452.96,47.90149130260747,Female,Los Angeles
TXN_0014,2023-01-17,Electronics,6.0,374.66,2247.96,33.50463462387837,Male,Chicago
TXN_0316,2023-04-22,Clothing,1.0,80.13,80.13,56.65396506033932,Female,Los Angeles
TXN_0089,2023-10-01,Home & Garden,8.0,195.15,1561.2,55.852753144933516,Male,Houston
TXN_0388,2023-11-10,Electronics,3.0,26.6,79.80000000000001,31.079552060266096,Female,Houston
TXN_0274,2023-04-09,Electronics,1.0,195.82,195.82,18.0,Male,Houston
TXN_0167,2023-09-17,Electronics,,86.92,,41.68614392803099,Male,Houston
TXN_0329,2023-01-30,Electronics,4.0,210.39,841.56,33.194961746458006,Female,Houston
TXN_0375,2023-09-17,Home & Garden,4.0,65.99,263.96,37.37947252846239,Male,Los Angeles
TXN_0135,2023-02-26,Home & Garden,3.0,180.23,540.6899999999999,45.88993722100707,Male,New York
TXN_0307,2023-05-27,Sports,7.0,91.7,641.9,18.372978962207736,Male,Miami
TXN_0491,2023-05-23,Clothing,8.0,409.38,3275.04,39.67952703235882,Female,Los Angeles
TXN_0320,2023-02-01,Clothing,2.0,379.77,759.54,47.876625908037525,Male,Houston
TXN_0244,2023-12-09,Sports,4.0,107.76,431.04,23.254800225664958,Male,New York
TXN_0055,2023-10-10,Home & Garden,4.0,211.49,845.96,,Female,Miami
TXN_0364,2023-08-23,Sports,7.0,101.3,709.1,41.06512575949781,Male,Houston
TXN_0051,2023-10-02,Toys,,137.38,,26.204718574653487,Female,Los Angeles
TXN_0466,2023-06-20,Clothing,4.0,389.18,1556.72,24.044623123711887,Female,New York
TXN_0175,2023-03-20,Sports,1.0,462.78,462.78,27.961422937743883,Male,Houston
TXN_0446,2023-06-07,Electronics,3.0,,,41.162488497962165,Female,Miami
TXN_0190,2023-05-04,Home & Garden,3.0,61.39,184.17000000000002,29.06355957298661,Male,Los Angeles
TXN_0378,2023-06-28,Clothing,7.0,462.25,3235.75,44.02088328072291,Male,Los Angeles
TXN_0464,2023-01-13,Clothing,3.0,417.02,1251.06,39.50086297619333,Female,New York
TXN_0188,2023-05-03,Electronics,4.0,183.53,734.12,36.29215843671926,Male,Los Angeles
TXN_0170,2023-06-02,Electronics,6.0,435.47,2612.82,40.90151666479535,Male,Miami
TXN_0059,2023-07-05,Electronics,4.0,47.34,189.36,34.197484106272796,Female,Los Angeles
TXN_0049,2023-01-23,Clothing,2.0,140.31,280.62,19.988044028217836,Male,Houston
TXN_0345,2023-11-14,Electronics,2.0,59.39,118.78,37.08689649987806,Male,Houston
TXN_0236,2023-04-28,Clothing,3.0,412.22,1236.66,30.40180978416712,Female,Miami
TXN_0253,2023-08-31,Home & Garden,3.0,301.0,903.0,30.97505427566971,Female,Los Angeles
TXN_0022,2023-10-15,Clothing,6.0,403.03,2418.18,36.74272132555216,Female,Chicago
TXN_0314,2023-04-08,Home & Garden,4.0,356.42,1425.68,24.829718082922277,Female,Los Angeles
TXN_0460,2023-05-02,Toys,4.0,174.57,698.28,22.022964455055153,Female,Miami
TXN_0161,2023-03-22,Electronics,2.0,171.75,343.5,30.3087371640173,Female,Miami
TXN_0277,2023-08-18,Home & Garden,3.0,33.57,100.71000000000001,18.563621843779195,Female,Chicago
TXN_0444,2023-03-07,Clothing,7.0,405.36,2837.52,50.772829097233675,Female,Chicago
TXN_0192,2023-02-10,Home & Garden,4.0,,,43.7737463510913,Female,Miami
TXN_0386,2023-12-27,Clothing,2.0,293.04,586.08,37.47429178435192,Female,Los Angeles
TXN_0294,2023-03-27,Electronics,8.0,274.49,2195.92,30.522017813441636,Male,New York
TXN_0414,2023-05-09,Sports,1.0,268.55,268.55,35.700817665232016,Female,Miami
TXN_0344,2023-01-21,Sports,4.0,78.17,312.68,56.49372544235151,Male,Chicago
TXN_0258,2023-12-04,Electronics,7.0,108.85,761.9499999999999,40.569615922679645,Male,Los Angeles
TXN_0309,2023-12-23,Electronics,2.0,252.76,505.52,18.0,Male,Los Angeles
TXN_0150,2023-01-06,Home & Garden,4.0,304.95,1219.8,42.132425707078035,Female,Miami
TXN_0131,2023-09-18,Clothing,9.0,386.77,3480.93,114.0,Male,Miami
TXN_0152,2023-02-28,Electronics,2.0,412.68,825.36,33.86295951705917,Female,Houston
TXN_0360,2023-03-09,Electronics,9.0,456.24,4106.16,18.0,Male,Houston
TXN_0100,2023-06-16,Clothing,1.0,254.1,254.1,31.698512163835108,Female,Los Angeles
TXN_0373,2023-10-03,Sports,5.0,396.02,1980.1,39.480754302962666,Female,Houston
TXN_0088,2023-03-29,Clothing,9.0,,,27.02558084429345,Female,Chicago
TXN_0459,2023-03-21,Sports,7.0,316.13,2212.91,29.444611214895687,Female,New York
TXN_0331,2023-02-11,Electronics,6.0,15.98,95.88,27.90436141889563,Female,New York
TXN_0215,2023-11-29,Clothing,7.0,467.51,3272.5699999999997,39.386080817920316,Male,Houston
TXN_0467,2023-07-30,Toys,5.0,187.75,938.75,40.22667018049776,Male,New York
TXN_0122,2023-10-03,Clothing,9.0,278.25,2504.25,,Male,Los Angeles
TXN_0451,2023-12-16,Home & Garden,9.0,320.29,2882.61,29.46044491692247,Male,New York
TXN_0021,2023-01-14,Electronics,1.0,223.8,223.8,20.21650249104774,Female,New York
TXN_0189,2023-01-30,Clothing,3.0,204.61,613.83,45.009028623299635,Female,Houston
TXN_0072,2023-05-23,Clothing,7.0,194.6,1362.2,38.813780787549646,Male,Miami
TXN_0107,2023-02-03,Clothing,7.0,397.99,2785.9300000000003,29.283467588367593,Male,New York
TXN_0271,2023-06-23,Home & Garden,4.0,467.14,1868.56,32.76732193828543,Male,Miami
TXN_0349,2023-10-26,Electronics,3.0,60.08,180.24,20.151900254635443,Female,New York
TXN_0436,2023-03-18,Electronics,2.0,176.24,352.48,37.4821262239583,Female,Miami
TXN_0103,2023-01-17,Electronics,3.0,160.81,482.43,44.97851309251139,Female,Miami
